{
	"info": {
		"_postman_id": "0759ff21-f98b-4864-8dc9-c86b107e1c16",
		"name": "rest_API",
		"schema": "https://schema.getpostman.com/json/collection/v2.1.0/collection.json",
		"_exporter_id": "21084725"
	},
	"item": [
		{
			"name": "Register",
			"request": {
				"method": "POST",
				"header": [],
				"body": {
					"mode": "formdata",
					"formdata": [
						{
							"key": "name",
							"value": "Nur Kholifah",
							"type": "text"
						},
						{
							"key": "email",
							"value": "lifah1407@gmail.com",
							"type": "text"
						},
						{
							"key": "password",
							"value": "13145702",
							"type": "text"
						}
					]
				},
				"url": {
					"raw": "localhost:8000/api/register",
					"host": [
						"localhost"
					],
					"port": "8000",
					"path": [
						"api",
						"register"
					]
				}
			},
			"response": []
		},
		{
			"name": "Login",
			"request": {
				"method": "POST",
				"header": [],
				"body": {
					"mode": "formdata",
					"formdata": [
						{
							"key": "email",
							"value": "lifah1407@gmail.com",
							"type": "text"
						},
						{
							"key": "password",
							"value": "13145702",
							"type": "text"
						}
					]
				},
				"url": {
					"raw": "localhost:8000/api/login",
					"host": [
						"localhost"
					],
					"port": "8000",
					"path": [
						"api",
						"login"
					]
				}
			},
			"response": []
		},
		{
			"name": "Profile Data",
			"request": {
				"auth": {
					"type": "bearer",
					"bearer": [
						{
							"key": "token",
							"value": "4|pHewyJoIj83l3rKUmrmMhVaynZgUHou9gtS5N4YB",
							"type": "string"
						}
					]
				},
				"method": "GET",
				"header": [],
				"url": {
					"raw": "localhost:8000/api/profile",
					"host": [
						"localhost"
					],
					"port": "8000",
					"path": [
						"api",
						"profile"
					]
				}
			},
			"response": []
		},
		{
			"name": "logout",
			"request": {
				"auth": {
					"type": "bearer",
					"bearer": [
						{
							"key": "token",
							"value": "5|TTDEud7u1fr6NYMKXdW10h2SkkHH2glXJRXHjQzg",
							"type": "string"
						}
					]
				},
				"method": "POST",
				"header": [],
				"url": {
					"raw": "localhost:8000/api/logout",
					"host": [
						"localhost"
					],
					"port": "8000",
					"path": [
						"api",
						"logout"
					]
				}
			},
			"response": []
		}
	]
}